Feature_1,Feature_2,Correlation,Absolute_Correlation
is_ftp_login,ct_ftp_cmd,0.9988554882935945,0.9988554882935945
dbytes,dloss,0.9967111338314709,0.9967111338314709
sbytes,sloss,0.995771577240686,0.995771577240686
swin,dwin,0.9804584289136614,0.9804584289136614
dpkts,dloss,0.9796120849360007,0.9796120849360007
ct_srv_src,ct_srv_dst,0.9794668130725328,0.9794668130725328
dpkts,dbytes,0.9734453279792993,0.9734453279792993
spkts,sloss,0.9718594116511157,0.9718594116511157
spkts,sbytes,0.9643932171558754,0.9643932171558754
ct_dst_ltm,ct_src_dport_ltm,0.9615176986568873,0.9615176986568873
ct_dst_src_ltm,ct_srv_dst,0.960321213106398,0.960321213106398
ct_srv_src,ct_dst_src_ltm,0.9539519771685916,0.9539519771685916
tcprtt,synack,0.9430527539835085,0.9430527539835085
sinpkt,is_sm_ips_ports,0.9421206232319632,0.9421206232319632
tcprtt,ackdat,0.9202175911910093,0.9202175911910093
ct_src_dport_ltm,ct_src_ltm,0.9094302805367575,0.9094302805367575
ct_src_dport_ltm,ct_dst_sport_ltm,0.9083371617417906,0.9083371617417906
ct_dst_ltm,ct_src_ltm,0.9015817705704524,0.9015817705704524
ct_src_dport_ltm,ct_dst_src_ltm,0.8718465657501453,0.8718465657501453
ct_dst_ltm,ct_dst_sport_ltm,0.8711178093975873,0.8711178093975873
ct_src_dport_ltm,ct_srv_dst,0.8667171818381492,0.8667171818381492
ct_srv_src,ct_src_dport_ltm,0.8618545947586924,0.8618545947586924
ct_dst_ltm,ct_dst_src_ltm,0.857494026584352,0.857494026584352
ct_dst_ltm,ct_srv_dst,0.8530854336257346,0.8530854336257346
ct_srv_src,ct_dst_ltm,0.8409951124111219,0.8409951124111219
ct_dst_sport_ltm,ct_dst_src_ltm,0.8364220970632392,0.8364220970632392
ct_dst_sport_ltm,ct_srv_dst,0.8228732004059853,0.8228732004059853
ct_dst_sport_ltm,ct_src_ltm,0.8177468268817968,0.8177468268817968
ct_srv_src,ct_dst_sport_ltm,0.8148560554331603,0.8148560554331603
ct_dst_src_ltm,ct_src_ltm,0.8025514215953785,0.8025514215953785
ct_srv_src,ct_src_ltm,0.7942324238395261,0.7942324238395261
ct_src_ltm,ct_srv_dst,0.792327511382781,0.792327511382781
stcpb,dwin,0.7842487673985195,0.7842487673985195
dtcpb,dwin,0.7837880908218406,0.7837880908218406
swin,stcpb,0.7694339964298297,0.7694339964298297
swin,dtcpb,0.7687067526530598,0.7687067526530598
dttl,dwin,0.7637549036274037,0.7637549036274037
dttl,swin,0.7482934838563758,0.7482934838563758
synack,ackdat,0.7376147921844188,0.7376147921844188
dttl,tcprtt,0.7305002717034159,0.7305002717034159
dttl,ackdat,0.7230347505216553,0.7230347505216553
dinpkt,sjit,0.6924647524471537,0.6924647524471537
dttl,synack,0.6457139433774799,0.6457139433774799
stcpb,dtcpb,0.641997621545517,0.641997621545517
sttl,ct_state_ttl,0.6314306380218786,0.6314306380218786
dttl,dtcpb,0.6013527414561317,0.6013527414561317
dttl,stcpb,0.5992840454797969,0.5992840454797969
rate,sload,0.5875032723705219,0.5875032723705219
dwin,ct_state_ttl,-0.5784315839810467,0.5784315839810467
dload,dmean,0.5475623963387841,0.5475623963387841
sttl,dmean,-0.5447055389432792,0.5447055389432792
rate,dwin,-0.5286786546186629,0.5286786546186629
dwin,tcprtt,0.5283251811269261,0.5283251811269261
dwin,ackdat,0.5215343104463643,0.5215343104463643
rate,swin,-0.5214694311177006,0.5214694311177006
swin,tcprtt,0.51819278663309,0.51819278663309
swin,ackdat,0.5114424622790849,0.5114424622790849
sjit,djit,0.5034021404832848,0.5034021404832848
swin,ct_dst_sport_ltm,-0.48664812210870995,0.48664812210870995
swin,ct_state_ttl,-0.48616101188234295,0.48616101188234295
dwin,ct_dst_src_ltm,-0.48450993526485026,0.48450993526485026
dwin,ct_dst_sport_ltm,-0.47794697446590995,0.47794697446590995
dwin,ct_srv_dst,-0.47639415390087103,0.47639415390087103
swin,ct_dst_src_ltm,-0.47123908275664117,0.47123908275664117
dwin,synack,0.46818713899573144,0.46818713899573144
swin,ct_srv_dst,-0.4672279574448148,0.4672279574448148
dwin,ct_srv_src,-0.4650353281071028,0.4650353281071028
dwin,dmean,0.46394301381252506,0.46394301381252506
swin,synack,0.4592843171226101,0.4592843171226101
swin,ct_srv_src,-0.45459731893041916,0.45459731893041916
swin,dmean,0.45407176533212845,0.45407176533212845
stcpb,ct_state_ttl,-0.4530963047776747,0.4530963047776747
dtcpb,ct_state_ttl,-0.4513910595583859,0.4513910595583859
swin,ct_src_dport_ltm,-0.44718920683844327,0.44718920683844327
dmean,ct_state_ttl,-0.4454401313373201,0.4454401313373201
dbytes,response_body_len,0.44115546461290756,0.44115546461290756
dwin,ct_src_dport_ltm,-0.4381809191821107,0.4381809191821107
dttl,ct_srv_dst,-0.4379342322607618,0.4379342322607618
dloss,response_body_len,0.431518832770544,0.431518832770544
rate,dttl,-0.4267663172794742,0.4267663172794742
dpkts,dmean,0.42654247004961016,0.42654247004961016
dttl,ct_srv_src,-0.4249636969956756,0.4249636969956756
dtcpb,tcprtt,0.418167126112879,0.418167126112879
rate,ct_state_ttl,0.41741941662875276,0.41741941662875276
stcpb,tcprtt,0.41699774178213866,0.41699774178213866
sttl,dwin,-0.4152483823141435,0.4152483823141435
rate,stcpb,-0.41482534636606094,0.41482534636606094
rate,dtcpb,-0.4145222250492155,0.4145222250492155
dpkts,response_body_len,0.4142171301720303,0.4142171301720303
dloss,dmean,0.4139460406066155,0.4139460406066155
dtcpb,ackdat,0.4113932860387428,0.4113932860387428
stcpb,ackdat,0.4110526977645764,0.4110526977645764
dwin,ct_src_ltm,-0.4097847380437037,0.4097847380437037
dwin,ct_dst_ltm,-0.4096307012598203,0.4096307012598203
swin,ct_src_ltm,-0.4066493962949452,0.4066493962949452
dbytes,dmean,0.4052604691813514,0.4052604691813514
swin,ct_dst_ltm,-0.4041400541038258,0.4041400541038258
ct_state_ttl,ct_dst_src_ltm,0.4021536862650524,0.4021536862650524
rate,sttl,0.40096674997165976,0.40096674997165976
sttl,swin,-0.4009087685871256,0.4009087685871256
sttl,dload,-0.39394251077566705,0.39394251077566705
dttl,ct_dst_src_ltm,-0.3922125659485237,0.3922125659485237
rate,ct_dst_sport_ltm,0.3836721778202977,0.3836721778202977
spkts,dpkts,0.38322051946078217,0.38322051946078217
sttl,ct_dst_src_ltm,0.3807920533971885,0.3807920533971885
dttl,ct_dst_ltm,-0.3807880835806661,0.3807880835806661
stcpb,ct_dst_src_ltm,-0.38063564853201615,0.38063564853201615
dttl,ct_dst_sport_ltm,-0.38043833858806736,0.38043833858806736
dtcpb,ct_dst_src_ltm,-0.3800596019231845,0.3800596019231845
dttl,ct_src_ltm,-0.37897473472427934,0.37897473472427934
rate,ct_dst_src_ltm,0.3760509871901963,0.3760509871901963
stcpb,ct_dst_sport_ltm,-0.37503134849224956,0.37503134849224956
dtcpb,ct_dst_sport_ltm,-0.3747053571668288,0.3747053571668288
dtcpb,ct_srv_dst,-0.374011995626416,0.374011995626416
stcpb,ct_srv_dst,-0.3737275571838003,0.3737275571838003
dtcpb,synack,0.37175699402665907,0.37175699402665907
stcpb,synack,0.3700291275253471,0.3700291275253471
stcpb,ct_srv_src,-0.3654327519732488,0.3654327519732488
dtcpb,ct_srv_src,-0.3651543430604517,0.3651543430604517
rate,ct_srv_dst,0.3641683843361811,0.3641683843361811
stcpb,dmean,0.3637023833587392,0.3637023833587392
dttl,ct_src_dport_ltm,-0.36150684423096124,0.36150684423096124
dtcpb,dmean,0.36041060276572245,0.36041060276572245
rate,ct_srv_src,0.3592951521082448,0.3592951521082448
dload,ct_state_ttl,-0.35868386896199855,0.35868386896199855
sttl,ct_dst_sport_ltm,0.3586320015651672,0.3586320015651672
sload,swin,-0.35576194330372,0.35576194330372
sload,dwin,-0.35422114370922997,0.35422114370922997
rate,ct_src_dport_ltm,0.35093144533938714,0.35093144533938714
dinpkt,djit,0.34836251152558934,0.34836251152558934
ct_state_ttl,ct_dst_sport_ltm,0.34574460131670615,0.34574460131670615
ct_srv_src,ct_state_ttl,0.34422183286945496,0.34422183286945496
stcpb,ct_src_dport_ltm,-0.3438887595806844,0.3438887595806844
dtcpb,ct_src_dport_ltm,-0.34372161618779234,0.34372161618779234
ct_state_ttl,ct_srv_dst,0.34335089568301363,0.34335089568301363
sttl,ct_srv_src,0.334823972520244,0.334823972520244
sttl,ct_srv_dst,0.3287751644374473,0.3287751644374473
sttl,stcpb,-0.3265532141598648,0.3265532141598648
sttl,ct_src_dport_ltm,0.3253019063403146,0.3253019063403146
sttl,dtcpb,-0.3242305051139621,0.3242305051139621
stcpb,ct_src_ltm,-0.32230792721145124,0.32230792721145124
dtcpb,ct_dst_ltm,-0.32133751169828706,0.32133751169828706
stcpb,ct_dst_ltm,-0.3210870054645462,0.3210870054645462
dtcpb,ct_src_ltm,-0.3208412946527448,0.3208412946527448
rate,ct_src_ltm,0.3160105501437806,0.3160105501437806
rate,ct_dst_ltm,0.3151929624915634,0.3151929624915634
ct_state_ttl,ct_src_dport_ltm,0.31321068631733945,0.31321068631733945
ackdat,ct_srv_dst,-0.2932962045663057,0.2932962045663057
tcprtt,ct_srv_dst,-0.2926994419774982,0.2926994419774982
dttl,sload,-0.2852421057184783,0.2852421057184783
ackdat,ct_srv_src,-0.28202120072322046,0.28202120072322046
rate,tcprtt,-0.2819063851921062,0.2819063851921062
tcprtt,ct_srv_src,-0.2809963443997297,0.2809963443997297
ct_state_ttl,ct_dst_ltm,0.2798813406381001,0.2798813406381001
rate,ackdat,-0.2782569231803284,0.2782569231803284
sload,stcpb,-0.27796005562450615,0.27796005562450615
sload,dtcpb,-0.2777420557101455,0.2777420557101455
ct_state_ttl,ct_src_ltm,0.2756499828255928,0.2756499828255928
sload,ct_state_ttl,0.26953417962860665,0.26953417962860665
sttl,sload,0.2690005260611973,0.2690005260611973
rate,dmean,-0.2684698994763696,0.2684698994763696
dmean,ct_dst_src_ltm,-0.2640729466038456,0.2640729466038456
tcprtt,ct_src_ltm,-0.2622385140162286,0.2622385140162286
sttl,ct_src_ltm,0.26120583717485374,0.26120583717485374
tcprtt,ct_dst_ltm,-0.26045885836501914,0.26045885836501914
ackdat,ct_src_ltm,-0.260190329893223,0.260190329893223
dload,dwin,0.2601003533344731,0.2601003533344731
dur,spkts,0.25888964672218684,0.25888964672218684
ackdat,ct_dst_ltm,-0.2586763840213061,0.2586763840213061
ackdat,ct_dst_src_ltm,-0.25581142008074154,0.25581142008074154
synack,ct_srv_dst,-0.2556775769181236,0.2556775769181236
tcprtt,ct_dst_src_ltm,-0.2556741643982928,0.2556741643982928
sttl,ct_dst_ltm,0.25449795827366056,0.25449795827366056
dload,swin,0.25447954796215777,0.25447954796215777
trans_depth,ct_flw_http_mthd,0.2519745275880349,0.2519745275880349
tcprtt,ct_dst_sport_ltm,-0.2500154750316667,0.2500154750316667
rate,synack,-0.2498396872820923,0.2498396872820923
dttl,ct_state_ttl,-0.24808019621771527,0.24808019621771527
ackdat,ct_dst_sport_ltm,-0.2469934907377385,0.2469934907377385
dmean,ct_dst_sport_ltm,-0.24662542963387954,0.24662542963387954
synack,ct_srv_src,-0.2450706366254397,0.2450706366254397
tcprtt,ct_src_dport_ltm,-0.2383043365111509,0.2383043365111509
ackdat,ct_src_dport_ltm,-0.23648011904012592,0.23648011904012592
sload,smean,0.23323112694900397,0.23323112694900397
synack,ct_src_ltm,-0.23126454295922874,0.23126454295922874
dmean,ct_src_dport_ltm,-0.23011987340990284,0.23011987340990284
synack,ct_dst_ltm,-0.2294810846382937,0.2294810846382937
sbytes,smean,0.22409390082022537,0.22409390082022537
synack,ct_dst_src_ltm,-0.22366177741005164,0.22366177741005164
sloss,smean,0.22241484476820123,0.22241484476820123
synack,ct_dst_sport_ltm,-0.22139394508248292,0.22139394508248292
dmean,ct_srv_dst,-0.22030897771453095,0.22030897771453095
dttl,ct_flw_http_mthd,0.21783070674300087,0.21783070674300087
dmean,ct_srv_src,-0.2174683841767873,0.2174683841767873
sttl,is_sm_ips_ports,-0.21085982283943192,0.21085982283943192
synack,ct_src_dport_ltm,-0.21012584886690247,0.21012584886690247
spkts,smean,0.2090044704991652,0.2090044704991652
dur,sloss,0.20722308734952452,0.20722308734952452
dwin,ct_flw_http_mthd,0.20655379854076578,0.20655379854076578
spkts,dloss,0.20471135907801094,0.20471135907801094
dur,sbytes,0.20442192266504136,0.20442192266504136
spkts,dbytes,0.20380354104480122,0.20380354104480122
swin,ct_flw_http_mthd,0.20253317461724532,0.20253317461724532
dload,stcpb,0.20221900039372528,0.20221900039372528
dload,dtcpb,0.20172354068221807,0.20172354068221807
dpkts,sloss,0.1996399970713298,0.1996399970713298
sttl,sinpkt,-0.1984894780943366,0.1984894780943366
dmean,ct_src_ltm,-0.1932529032626384,0.1932529032626384
dmean,ct_dst_ltm,-0.19153320912325505,0.19153320912325505
dmean,response_body_len,0.1896080055211899,0.1896080055211899
smean,ct_dst_sport_ltm,-0.18916517304767894,0.18916517304767894
dur,dpkts,0.18838234036192486,0.18838234036192486
sload,tcprtt,-0.1882591850650696,0.1882591850650696
sload,ackdat,-0.18581697456501187,0.18581697456501187
dttl,smean,0.18563989445206844,0.18563989445206844
dpkts,sbytes,0.18428001678584585,0.18428001678584585
dpkts,sttl,-0.18314159791433848,0.18314159791433848
sload,dmean,-0.1810256964762152,0.1810256964762152
djit,dmean,0.17351535215238983,0.17351535215238983
dpkts,dwin,0.17242659838627947,0.17242659838627947
dpkts,swin,0.16899929210737408,0.16899929210737408
dtcpb,ct_flw_http_mthd,0.16899491459528607,0.16899491459528607
dwin,smean,0.16810692237019384,0.16810692237019384
sload,synack,-0.1668491162076694,0.1668491162076694
smean,ct_srv_dst,-0.16297580462085567,0.16297580462085567
smean,ct_srv_src,-0.16005384341264428,0.16005384341264428
stcpb,ct_flw_http_mthd,0.15948254795413017,0.15948254795413017
swin,smean,0.15923300229042256,0.15923300229042256
dur,djit,0.15885217654927142,0.15885217654927142
smean,ct_src_dport_ltm,-0.15860001685554206,0.15860001685554206
dur,ct_state_ttl,0.15685914213783023,0.15685914213783023
sload,ct_dst_src_ltm,0.15594968067067438,0.15594968067067438
djit,dwin,0.15578013155548903,0.15578013155548903
smean,ct_dst_ltm,-0.1549023070823871,0.1549023070823871
sttl,dloss,-0.1544015930360262,0.1544015930360262
dwin,trans_depth,0.15351261415422834,0.15351261415422834
smean,ct_src_ltm,-0.1530773257962652,0.1530773257962652
djit,swin,0.15270580566569747,0.15270580566569747
dttl,trans_depth,0.15179084591532774,0.15179084591532774
dload,ct_dst_src_ltm,-0.15090069168306647,0.15090069168306647
swin,trans_depth,0.1505244508118464,0.1505244508118464
dur,dbytes,0.14970466783285863,0.14970466783285863
dur,dloss,0.14850567070161644,0.14850567070161644
rate,dload,-0.14820397037181227,0.14820397037181227
spkts,dmean,0.14747221131734223,0.14747221131734223
sload,ct_srv_dst,0.14701348974229306,0.14701348974229306
dur,dinpkt,0.14580299592877355,0.14580299592877355
dttl,sjit,0.1448015788199174,0.1448015788199174
sload,ct_srv_src,0.14434933592215923,0.14434933592215923
dload,ct_dst_sport_ltm,-0.14162976103810293,0.14162976103810293
smean,ct_dst_src_ltm,-0.14098286571965396,0.14098286571965396
dpkts,ct_state_ttl,-0.14027872400765487,0.14027872400765487
dur,sjit,0.14010789665946097,0.14010789665946097
ackdat,ct_flw_http_mthd,0.13827998726606694,0.13827998726606694
dpkts,dload,0.13739495863832624,0.13739495863832624
tcprtt,smean,0.13509628785937594,0.13509628785937594
ackdat,smean,0.13452187455372508,0.13452187455372508
dloss,dwin,0.1339786622397542,0.1339786622397542
tcprtt,ct_flw_http_mthd,0.1332936937458709,0.1332936937458709
dload,ct_src_dport_ltm,-0.1330322914128236,0.1330322914128236
dpkts,stcpb,0.13241053846459014,0.13241053846459014
stcpb,smean,0.1315463791385785,0.1315463791385785
dloss,swin,0.13137121635234747,0.13137121635234747
dtcpb,smean,0.13115242827635706,0.13115242827635706
sttl,ct_flw_http_mthd,-0.13115219743832293,0.13115219743832293
dpkts,dtcpb,0.13052272778544316,0.13052272778544316
dbytes,sttl,-0.12859990308243402,0.12859990308243402
dttl,dmean,0.12855583067899273,0.12855583067899273
dload,tcprtt,-0.12741546449564714,0.12741546449564714
spkts,dwin,0.12733058385887075,0.12733058385887075
dmean,ct_flw_http_mthd,0.127247138538073,0.127247138538073
sjit,tcprtt,0.12652268241432016,0.12652268241432016
dload,ackdat,-0.1261693386679862,0.1261693386679862
spkts,swin,0.12489812947366011,0.12489812947366011
dttl,dload,-0.1241916312135954,0.1241916312135954
djit,stcpb,0.1218340539909346,0.1218340539909346
dload,dloss,0.1212026851250362,0.1212026851250362
djit,dtcpb,0.12099457280320607,0.12099457280320607
ct_srv_src,ct_flw_http_mthd,-0.1208597394585898,0.1208597394585898
stcpb,trans_depth,0.12047897056236441,0.12047897056236441
sjit,ackdat,0.12020234563243874,0.12020234563243874
synack,smean,0.1187309955586372,0.1187309955586372
dur,rate,-0.11862200265039646,0.11862200265039646
ct_flw_http_mthd,ct_srv_dst,-0.11851679774563655,0.11851679774563655
dtcpb,trans_depth,0.118374358825097,0.118374358825097
dwin,is_ftp_login,0.1178087871604243,0.1178087871604243
dwin,ct_ftp_cmd,0.1177589803174041,0.1177589803174041
sjit,synack,0.11611021870827551,0.11611021870827551
swin,is_ftp_login,0.11551560818524319,0.11551560818524319
swin,ct_ftp_cmd,0.1154667708455009,0.1154667708455009
sjit,dwin,0.11546326989685762,0.11546326989685762
sttl,ct_ftp_cmd,-0.11464666112218759,0.11464666112218759
swin,is_sm_ips_ports,-0.11463872757681244,0.11463872757681244
sttl,is_ftp_login,-0.11458413554961815,0.11458413554961815
sjit,swin,0.11370084079681365,0.11370084079681365
dwin,is_sm_ips_ports,-0.11279197767742273,0.11279197767742273
dload,synack,-0.11257923136999733,0.11257923136999733
synack,ct_flw_http_mthd,0.11242742853867503,0.11242742853867503
rate,smean,-0.1121697849270245,0.1121697849270245
sttl,djit,-0.11183897188739743,0.11183897188739743
rate,ct_flw_http_mthd,-0.11000041588488868,0.11000041588488868
dmean,trans_depth,0.1081233629691037,0.1081233629691037
dur,ct_srv_dst,-0.10779348550324461,0.10779348550324461
dloss,ct_state_ttl,-0.1072749592252199,0.1072749592252199
dur,ct_srv_src,-0.10602980805597677,0.10602980805597677
sinpkt,swin,-0.10597595346745016,0.10597595346745016
sinpkt,dwin,-0.10586090144820862,0.10586090144820862
sinpkt,dinpkt,0.10543208005788318,0.10543208005788318
dbytes,dwin,0.10461858823550879,0.10461858823550879
sload,ct_src_dport_ltm,0.10445061541056208,0.10445061541056208
djit,ct_state_ttl,-0.10438086222380591,0.10438086222380591
dttl,djit,0.10402857322877589,0.10402857322877589
dbytes,dload,0.10348730620520186,0.10348730620520186
dbytes,swin,0.10257531011439049,0.10257531011439049
dloss,stcpb,0.10213855928560488,0.10213855928560488
sload,dload,-0.10192446246206878,0.10192446246206878
dloss,dtcpb,0.10083921080191116,0.10083921080191116
ct_dst_src_ltm,ct_flw_http_mthd,-0.0996814717028276,0.0996814717028276
spkts,sttl,-0.09957853033736354,0.09957853033736354
spkts,stcpb,0.09947285337267987,0.09947285337267987
ct_state_ttl,ct_flw_http_mthd,-0.09797881932634449,0.09797881932634449
trans_depth,ct_srv_src,-0.09700542275837647,0.09700542275837647
spkts,dtcpb,0.09678569135879381,0.09678569135879381
trans_depth,ct_srv_dst,-0.09671422457135834,0.09671422457135834
djit,ct_flw_http_mthd,0.09633306863756216,0.09633306863756216
dttl,dinpkt,0.09534711616112562,0.09534711616112562
dpkts,rate,-0.09306514777679203,0.09306514777679203
sload,ct_src_ltm,0.09297845163505296,0.09297845163505296
sinpkt,ct_state_ttl,0.09186778958078975,0.09186778958078975
sjit,dtcpb,0.09103885615053665,0.09103885615053665
dur,ct_dst_src_ltm,-0.09092116141741623,0.09092116141741623
dload,ct_dst_ltm,-0.09046760156131385,0.09046760156131385
dttl,is_sm_ips_ports,-0.09044737198842899,0.09044737198842899
dur,ct_src_dport_ltm,-0.09026688291220848,0.09026688291220848
dttl,is_ftp_login,0.08939438364562247,0.08939438364562247
ackdat,trans_depth,0.08920259854575162,0.08920259854575162
dttl,ct_ftp_cmd,0.08900912359481616,0.08900912359481616
sjit,stcpb,0.08897602555493117,0.08897602555493117
dur,smean,0.08897244866684852,0.08897244866684852
dtcpb,is_ftp_login,0.08893694659338736,0.08893694659338736
stcpb,ct_ftp_cmd,0.08877583050794884,0.08877583050794884
dtcpb,ct_ftp_cmd,0.08873088218700471,0.08873088218700471
stcpb,is_ftp_login,0.0886685167865511,0.0886685167865511
dtcpb,is_sm_ips_ports,-0.08843301892092467,0.08843301892092467
dur,ct_dst_sport_ltm,-0.08842198473814515,0.08842198473814515
stcpb,is_sm_ips_ports,-0.08829066422962295,0.08829066422962295
smean,dmean,-0.08814046315015092,0.08814046315015092
dload,ct_src_ltm,-0.08749765670391657,0.08749765670391657
dpkts,ct_dst_src_ltm,-0.0871760325664389,0.0871760325664389
sinpkt,ct_srv_src,-0.0869953640461805,0.0869953640461805
spkts,response_body_len,0.08597873549615556,0.08597873549615556
ct_srv_src,is_sm_ips_ports,-0.08568552982387594,0.08568552982387594
dinpkt,tcprtt,0.08540731780307682,0.08540731780307682
dpkts,ct_dst_sport_ltm,-0.08494266534399071,0.08494266534399071
rate,djit,-0.08427433480062192,0.08427433480062192
dbytes,ct_state_ttl,-0.08400585054793556,0.08400585054793556
dload,smean,-0.08397434439169925,0.08397434439169925
sinpkt,ct_srv_dst,-0.08381257791645422,0.08381257791645422
sload,ct_dst_sport_ltm,0.08360139104580827,0.08360139104580827
ct_srv_src,is_ftp_login,-0.08338143272977849,0.08338143272977849
ct_srv_src,ct_ftp_cmd,-0.08332968890087196,0.08332968890087196
ct_src_dport_ltm,ct_flw_http_mthd,-0.08331533445476216,0.08331533445476216
sinpkt,stcpb,-0.08313490130838017,0.08313490130838017
sinpkt,dtcpb,-0.08299484611102927,0.08299484611102927
tcprtt,trans_depth,0.08287681926674777,0.08287681926674777
ct_state_ttl,is_sm_ips_ports,0.08265085727167346,0.08265085727167346
trans_depth,ct_dst_src_ltm,-0.08243432342407762,0.08243432342407762
ct_dst_sport_ltm,ct_flw_http_mthd,-0.08241294703799776,0.08241294703799776
ct_srv_dst,is_sm_ips_ports,-0.0820900385170182,0.0820900385170182
spkts,ct_state_ttl,-0.08195711799238949,0.08195711799238949
rate,trans_depth,-0.08173182812031725,0.08173182812031725
dinpkt,ackdat,0.08135879125048517,0.08135879125048517
sload,ct_dst_ltm,0.08132804523909869,0.08132804523909869
ct_dst_ltm,ct_flw_http_mthd,-0.08093232999634244,0.08093232999634244
dur,ct_dst_ltm,-0.0808826982161172,0.0808826982161172
djit,ct_srv_dst,-0.08073115857659113,0.08073115857659113
is_ftp_login,ct_srv_dst,-0.08062656256399756,0.08062656256399756
ct_ftp_cmd,ct_srv_dst,-0.08057237758108157,0.08057237758108157
djit,ct_srv_src,-0.08055263416577271,0.08055263416577271
dttl,sinpkt,-0.08050195896796715,0.08050195896796715
ct_flw_http_mthd,ct_src_ltm,-0.0802301048394237,0.0802301048394237
dur,sinpkt,0.08021349781541463,0.08021349781541463
dur,sload,-0.07920224676593066,0.07920224676593066
dur,ct_src_ltm,-0.07912563034264493,0.07912563034264493
dbytes,stcpb,0.07905292710299353,0.07905292710299353
sloss,dwin,0.0786962950852541,0.0786962950852541
dur,response_body_len,0.07849710785451111,0.07849710785451111
dpkts,ct_src_dport_ltm,-0.07832419459255659,0.07832419459255659
trans_depth,ct_state_ttl,-0.07828468142244746,0.07828468142244746
dinpkt,synack,0.0781933262892404,0.0781933262892404
dload,ct_srv_dst,-0.07809969586504308,0.07809969586504308
sloss,swin,0.07800031155749877,0.07800031155749877
sttl,trans_depth,-0.07785940865581585,0.07785940865581585
dbytes,dtcpb,0.0777455628226512,0.0777455628226512
sinpkt,ct_src_ltm,-0.07660320618018407,0.07660320618018407
sjit,ct_flw_http_mthd,0.07652366709139485,0.07652366709139485
djit,ct_dst_src_ltm,-0.0764783839138077,0.0764783839138077
spkts,dload,0.07548179965514012,0.07548179965514012
ct_src_ltm,is_sm_ips_ports,-0.0740900288749312,0.0740900288749312
spkts,rate,-0.07366839410281704,0.07366839410281704
dpkts,ct_srv_src,-0.07365932831952966,0.07365932831952966
sinpkt,ct_dst_src_ltm,-0.07363615764754308,0.07363615764754308
sload,ct_flw_http_mthd,-0.07351311936730878,0.07351311936730878
djit,is_ftp_login,0.0732891721298815,0.0732891721298815
dpkts,ct_srv_dst,-0.07323785226221377,0.07323785226221377
djit,ct_ftp_cmd,0.07304581900734797,0.07304581900734797
trans_depth,ct_dst_sport_ltm,-0.07282313803991859,0.07282313803991859
djit,tcprtt,0.07277441129174123,0.07277441129174123
djit,ackdat,0.07263594107993401,0.07263594107993401
rate,sinpkt,-0.07241357930920173,0.07241357930920173
dload,ct_srv_src,-0.07207315818402579,0.07207315818402579
spkts,ct_dst_src_ltm,-0.07203617566310347,0.07203617566310347
ct_state_ttl,ct_ftp_cmd,-0.07199138912517002,0.07199138912517002
ct_dst_src_ltm,is_sm_ips_ports,-0.07197358397300231,0.07197358397300231
ct_state_ttl,is_ftp_login,-0.07183917722666111,0.07183917722666111
rate,dloss,-0.07073361119785268,0.07073361119785268
dttl,sloss,0.07032287591370447,0.07032287591370447
smean,ct_state_ttl,-0.07027587105121028,0.07027587105121028
ackdat,ct_state_ttl,-0.07020936035323914,0.07020936035323914
trans_depth,ct_src_dport_ltm,-0.07009909728790248,0.07009909728790248
djit,ct_dst_sport_ltm,-0.0697555517236134,0.0697555517236134
dpkts,ct_src_ltm,-0.06901858900877939,0.06901858900877939
trans_depth,ct_src_ltm,-0.06886189283276371,0.06886189283276371
trans_depth,ct_dst_ltm,-0.06857323903089947,0.06857323903089947
rate,is_sm_ips_ports,-0.06843296072840666,0.06843296072840666
sinpkt,ct_dst_ltm,-0.06775390364798702,0.06775390364798702
djit,ct_src_dport_ltm,-0.06720107449292714,0.06720107449292714
synack,trans_depth,0.06716175344951951,0.06716175344951951
dinpkt,dwin,0.06701748421694624,0.06701748421694624
spkts,ct_dst_sport_ltm,-0.06660400792999434,0.06660400792999434
spkts,ct_srv_dst,-0.06611805502928819,0.06611805502928819
spkts,ct_srv_src,-0.06579965681129521,0.06579965681129521
dloss,ct_dst_src_ltm,-0.06560128360864115,0.06560128360864115
response_body_len,ct_flw_http_mthd,0.06531149454656247,0.06531149454656247
dpkts,ct_dst_ltm,-0.06517673889559082,0.06517673889559082
dinpkt,swin,0.06517146199233312,0.06517146199233312
ct_dst_ltm,is_sm_ips_ports,-0.06499551726985231,0.06499551726985231
dloss,ct_dst_sport_ltm,-0.06457928755241556,0.06457928755241556
djit,synack,0.06381337452118922,0.06381337452118922
spkts,dttl,0.06323409017368706,0.06323409017368706
spkts,ct_src_dport_ltm,-0.06323382926116272,0.06323382926116272
djit,ct_src_ltm,-0.0630666660969527,0.0630666660969527
rate,is_ftp_login,-0.06257157993089899,0.06257157993089899
rate,ct_ftp_cmd,-0.06254301273939414,0.06254301273939414
rate,sjit,-0.06251707395830898,0.06251707395830898
dpkts,sload,-0.06248396846308476,0.06248396846308476
tcprtt,ct_state_ttl,-0.06243649498159838,0.06243649498159838
djit,trans_depth,0.06217952006174473,0.06217952006174473
sloss,stcpb,0.06214991516810838,0.06214991516810838
sloss,dtcpb,0.0597544207672081,0.0597544207672081
tcprtt,is_sm_ips_ports,-0.0596288992293013,0.0596288992293013
dloss,ct_src_dport_ltm,-0.05946254463876805,0.05946254463876805
ackdat,is_sm_ips_ports,-0.058855664750623995,0.058855664750623995
sinpkt,dmean,-0.05851454150103538,0.05851454150103538
sbytes,dttl,0.058397129552845484,0.058397129552845484
sinpkt,sjit,0.057703278482045726,0.057703278482045726
dmean,is_sm_ips_ports,-0.057623726345630975,0.057623726345630975
sinpkt,ct_src_dport_ltm,-0.05754334814601804,0.05754334814601804
spkts,ct_src_ltm,-0.05748043899448875,0.05748043899448875
djit,ct_dst_ltm,-0.05747354135380771,0.05747354135380771
ct_dst_sport_ltm,is_ftp_login,-0.05699914084170542,0.05699914084170542
ct_dst_sport_ltm,ct_ftp_cmd,-0.05694176930639069,0.05694176930639069
ct_src_dport_ltm,is_ftp_login,-0.05685793568934272,0.05685793568934272
ct_src_dport_ltm,ct_ftp_cmd,-0.056810566195302614,0.056810566195302614
sload,djit,-0.056308171150671514,0.056308171150671514
spkts,ct_dst_ltm,-0.05602496042362301,0.05602496042362301
dbytes,rate,-0.055537840766296434,0.055537840766296434
dur,tcprtt,0.05518231450701947,0.05518231450701947
dloss,ct_srv_src,-0.05482022467077006,0.05482022467077006
sload,trans_depth,-0.05460979692627191,0.05460979692627191
ct_dst_src_ltm,is_ftp_login,-0.054523580464284335,0.054523580464284335
ct_dst_src_ltm,ct_ftp_cmd,-0.054460521858289625,0.054460521858289625
dloss,ct_srv_dst,-0.054361592162434046,0.054361592162434046
sinpkt,ct_dst_sport_ltm,-0.054008332667744456,0.054008332667744456
dur,dttl,0.05358020815019352,0.05358020815019352
smean,is_sm_ips_ports,-0.053559816368869806,0.053559816368869806
dinpkt,stcpb,0.05325224880323041,0.05325224880323041
ct_src_dport_ltm,is_sm_ips_ports,-0.0531983909085429,0.0531983909085429
synack,is_sm_ips_ports,-0.05284724878037196,0.05284724878037196
dur,ackdat,0.052618017948865586,0.052618017948865586
dloss,ct_src_ltm,-0.05239596512572243,0.05239596512572243
dinpkt,dtcpb,0.05199640864813645,0.05199640864813645
rate,dinpkt,-0.05144341128053087,0.05144341128053087
sttl,response_body_len,-0.0510295340659833,0.0510295340659833
dbytes,ct_dst_src_ltm,-0.05066801190907852,0.05066801190907852
dbytes,ct_dst_sport_ltm,-0.05058292123310917,0.05058292123310917
dur,synack,0.050477542915502535,0.050477542915502535
sinpkt,smean,-0.05033293696833181,0.05033293696833181
trans_depth,response_body_len,0.05011168757050477,0.05011168757050477
sinpkt,tcprtt,-0.04993102996022685,0.04993102996022685
sinpkt,ackdat,-0.04968197126804446,0.04968197126804446
ct_dst_sport_ltm,is_sm_ips_ports,-0.049463146626825175,0.049463146626825175
spkts,sload,-0.04923226823327996,0.04923226823327996
sjit,ct_srv_dst,-0.04910890445429994,0.04910890445429994
ackdat,is_ftp_login,0.04907500940772933,0.04907500940772933
dur,dload,-0.0490256687050484,0.0490256687050484
dloss,ct_dst_ltm,-0.04900090943989666,0.04900090943989666
ackdat,ct_ftp_cmd,0.048806016548587204,0.048806016548587204
sbytes,dwin,0.04836251760909998,0.04836251760909998
dpkts,djit,0.048143748184184654,0.048143748184184654
synack,ct_state_ttl,-0.04804156289650051,0.04804156289650051
sload,dloss,-0.047536746122270185,0.047536746122270185
dpkts,dttl,0.047416427953958964,0.047416427953958964
sbytes,swin,0.04736322382298886,0.04736322382298886
sjit,ct_src_ltm,-0.046792261620493124,0.046792261620493124
sload,sinpkt,-0.0463848036893195,0.0463848036893195
dbytes,ct_src_dport_ltm,-0.04625809171889817,0.04625809171889817
sjit,ct_dst_ltm,-0.0459200492783733,0.0459200492783733
sload,is_sm_ips_ports,-0.045732238448183624,0.045732238448183624
sjit,ct_srv_src,-0.04544245005394802,0.04544245005394802
sjit,ct_dst_src_ltm,-0.045327432098982934,0.045327432098982934
dinpkt,ct_srv_dst,-0.04505002679026279,0.04505002679026279
dloss,djit,0.044028054783880596,0.044028054783880596
sinpkt,synack,-0.04391372477784167,0.04391372477784167
sloss,ct_srv_dst,-0.043785382703346365,0.043785382703346365
sloss,ct_srv_src,-0.04350576681741734,0.04350576681741734
tcprtt,is_ftp_login,0.04315129214647646,0.04315129214647646
tcprtt,ct_ftp_cmd,0.04289832429027641,0.04289832429027641
dinpkt,ct_src_ltm,-0.042871767655283534,0.042871767655283534
sttl,sloss,-0.042622425971731014,0.042622425971731014
dinpkt,ct_srv_src,-0.04254242687253656,0.04254242687253656
dbytes,ct_flw_http_mthd,0.042458433444788876,0.042458433444788876
sloss,ct_dst_src_ltm,-0.042443587134626835,0.042443587134626835
dwin,response_body_len,0.04233081984241049,0.04233081984241049
sjit,ct_dst_sport_ltm,-0.04223904484004416,0.04223904484004416
sjit,ct_src_dport_ltm,-0.04212625904016255,0.04212625904016255
ct_dst_ltm,is_ftp_login,-0.04212483345880054,0.04212483345880054
rate,sloss,-0.04199311998551128,0.04199311998551128
ct_dst_ltm,ct_ftp_cmd,-0.0419906188849293,0.0419906188849293
sload,is_ftp_login,-0.04192453577520954,0.04192453577520954
sload,ct_ftp_cmd,-0.041906414227808324,0.041906414227808324
dbytes,ct_srv_src,-0.041783927996034705,0.041783927996034705
dbytes,djit,0.04170271866265857,0.04170271866265857
swin,response_body_len,0.041506839319355074,0.041506839319355074
sload,sjit,-0.04148088307471893,0.04148088307471893
dinpkt,ct_dst_ltm,-0.04139571339943038,0.04139571339943038
dbytes,ct_src_ltm,-0.041285586113330934,0.041285586113330934
dbytes,ct_srv_dst,-0.041118324240739294,0.041118324240739294
dinpkt,ct_dst_src_ltm,-0.04089990138241444,0.04089990138241444
is_ftp_login,ct_src_ltm,-0.04080083290270028,0.04080083290270028
ct_ftp_cmd,ct_src_ltm,-0.0407025128328445,0.0407025128328445
sloss,ackdat,0.040174731517249415,0.040174731517249415
dloss,ct_flw_http_mthd,0.040078059476853375,0.040078059476853375
dload,ct_flw_http_mthd,-0.039760427346629,0.039760427346629
dpkts,ct_flw_http_mthd,0.03956685652620796,0.03956685652620796
smean,is_ftp_login,-0.03911939410243502,0.03911939410243502
smean,ct_ftp_cmd,-0.03911395131187772,0.03911395131187772
dinpkt,ct_flw_http_mthd,0.03895619813886574,0.03895619813886574
sbytes,stcpb,0.03839358945869892,0.03839358945869892
sloss,tcprtt,0.038244141051813736,0.038244141051813736
sloss,ct_dst_sport_ltm,-0.038238664260180334,0.038238664260180334
dinpkt,ct_state_ttl,-0.03811970988954219,0.03811970988954219
dbytes,ct_dst_ltm,-0.03802563068978556,0.03802563068978556
dbytes,sload,-0.03731754479125847,0.03731754479125847
smean,trans_depth,0.037194416905586856,0.037194416905586856
sloss,ct_src_dport_ltm,-0.03678425111538363,0.03678425111538363
dinpkt,ct_src_dport_ltm,-0.036634342271644776,0.036634342271644776
sloss,ct_src_ltm,-0.036478040405493954,0.036478040405493954
sbytes,dtcpb,0.03630874389067508,0.03630874389067508
dinpkt,ct_dst_sport_ltm,-0.03620372388463951,0.03620372388463951
dload,sinpkt,-0.03586694478150814,0.03586694478150814
dur,swin,0.035650360050098064,0.035650360050098064
sloss,ct_dst_ltm,-0.03500646636010651,0.03500646636010651
dbytes,smean,-0.03461776334245805,0.03461776334245805
dtcpb,response_body_len,0.0343727685056769,0.0343727685056769
sload,dinpkt,-0.03436140568515084,0.03436140568515084
sbytes,ackdat,0.0340372559431805,0.0340372559431805
dur,is_sm_ips_ports,0.03402538108357059,0.03402538108357059
sbytes,ct_srv_dst,-0.033095305123712455,0.033095305123712455
sbytes,ct_srv_src,-0.03305133543959886,0.03305133543959886
dload,is_sm_ips_ports,-0.03283349538671326,0.03283349538671326
synack,is_ftp_login,0.03273374421802405,0.03273374421802405
sloss,ct_state_ttl,-0.03255971573051314,0.03255971573051314
synack,ct_ftp_cmd,0.032525953570637166,0.032525953570637166
sttl,dttl,-0.03247113232514839,0.03247113232514839
dload,djit,-0.03238965250078268,0.03238965250078268
sjit,ct_state_ttl,-0.03222520672151508,0.03222520672151508
sbytes,tcprtt,0.03194326189512167,0.03194326189512167
ackdat,dmean,0.031845793160780116,0.031845793160780116
sloss,synack,0.03183238572038188,0.03183238572038188
dttl,dloss,0.030394096934879457,0.030394096934879457
dur,dmean,0.02999887802541622,0.02999887802541622
dbytes,trans_depth,0.029852567798661727,0.029852567798661727
response_body_len,ct_state_ttl,-0.029374989140864668,0.029374989140864668
sbytes,ct_dst_src_ltm,-0.02929063210944545,0.02929063210944545
dloss,smean,-0.029136022601808264,0.029136022601808264
dload,sjit,-0.02909928773566964,0.02909928773566964
spkts,ackdat,0.02900833949053545,0.02900833949053545
stcpb,response_body_len,0.028211217186162194,0.028211217186162194
dpkts,trans_depth,0.02803364864517689,0.02803364864517689
dload,trans_depth,-0.027966230263301976,0.027966230263301976
sload,sloss,-0.027949439811154164,0.027949439811154164
response_body_len,ct_srv_src,-0.0278212193084721,0.0278212193084721
dloss,trans_depth,0.02747870053904166,0.02747870053904166
sbytes,rate,-0.027353154100828572,0.027353154100828572
response_body_len,ct_srv_dst,-0.027071835256553173,0.027071835256553173
dur,dwin,0.027009231955666933,0.027009231955666933
spkts,tcprtt,0.02643283544677727,0.02643283544677727
sbytes,synack,0.026178679795646254,0.026178679795646254
sbytes,ct_src_ltm,-0.0254936545872544,0.0254936545872544
sttl,sjit,0.025303807402736283,0.025303807402736283
sbytes,ct_dst_ltm,-0.02515703081925802,0.02515703081925802
dload,is_ftp_login,-0.02512769270862671,0.02512769270862671
dload,ct_ftp_cmd,-0.025078340631695423,0.025078340631695423
sbytes,ct_dst_sport_ltm,-0.024965040754333062,0.024965040754333062
dload,response_body_len,0.024801646616509118,0.024801646616509118
sbytes,ct_src_dport_ltm,-0.024495854798770814,0.024495854798770814
dload,dinpkt,-0.024266968464733495,0.024266968464733495
dur,ct_flw_http_mthd,0.023298516957460203,0.023298516957460203
ct_flw_http_mthd,is_sm_ips_ports,-0.023296557375636212,0.023296557375636212
rate,response_body_len,-0.0225131093418038,0.0225131093418038
dmean,is_ftp_login,-0.021758171171952053,0.021758171171952053
dmean,ct_ftp_cmd,-0.021751954325408232,0.021751954325408232
tcprtt,dmean,0.02169253220276233,0.02169253220276233
is_ftp_login,ct_flw_http_mthd,-0.02137673818108741,0.02137673818108741
dur,dtcpb,0.02137069231113588,0.02137069231113588
ct_ftp_cmd,ct_flw_http_mthd,-0.02136770058831901,0.02136770058831901
spkts,synack,0.020946468952438273,0.020946468952438273
response_body_len,ct_dst_src_ltm,-0.020721856685061362,0.020721856685061362
dpkts,sinpkt,-0.020489704768248306,0.020489704768248306
response_body_len,ct_dst_sport_ltm,-0.020439535236793975,0.020439535236793975
dur,is_ftp_login,0.020389864848717243,0.020389864848717243
dur,ct_ftp_cmd,0.02033045321125935,0.02033045321125935
dur,stcpb,0.019953622470589787,0.019953622470589787
sbytes,sttl,-0.01993869734769338,0.01993869734769338
dpkts,is_sm_ips_ports,-0.019895152278372203,0.019895152278372203
response_body_len,ct_src_dport_ltm,-0.019702600959661906,0.019702600959661906
dbytes,dttl,0.019371094957249656,0.019371094957249656
sinpkt,djit,0.01851655741675748,0.01851655741675748
sinpkt,ct_flw_http_mthd,-0.018251514830963916,0.018251514830963916
djit,smean,-0.01786689098932609,0.01786689098932609
djit,is_sm_ips_ports,-0.017827695446398145,0.017827695446398145
response_body_len,ct_src_ltm,-0.017662831531103717,0.017662831531103717
sbytes,sload,-0.017319620613634543,0.017319620613634543
trans_depth,is_sm_ips_ports,-0.01731420796321994,0.01731420796321994
sloss,dloss,0.01688509691300953,0.01688509691300953
sinpkt,trans_depth,-0.016796371884518303,0.016796371884518303
spkts,sinpkt,-0.016597156440607136,0.016597156440607136
sttl,tcprtt,0.016582000136584434,0.016582000136584434
spkts,is_sm_ips_ports,-0.016564546383087242,0.016564546383087242
dbytes,sloss,0.01644795430837467,0.01644795430837467
sloss,dmean,0.01625238302419507,0.01625238302419507
sttl,synack,0.016055015530121227,0.016055015530121227
trans_depth,is_ftp_login,-0.015887381318827217,0.015887381318827217
trans_depth,ct_ftp_cmd,-0.01588066449976432,0.01588066449976432
smean,response_body_len,-0.01588000382096512,0.01588000382096512
dinpkt,dmean,-0.01584168463506632,0.01584168463506632
dloss,sinpkt,-0.015778207379056997,0.015778207379056997
response_body_len,ct_dst_ltm,-0.0155502206711165,0.0155502206711165
spkts,djit,0.015201396499895162,0.015201396499895162
dloss,is_sm_ips_ports,-0.015111219207904385,0.015111219207904385
sload,response_body_len,-0.01507601678590092,0.01507601678590092
sttl,ackdat,0.01476801175132105,0.01476801175132105
dpkts,smean,0.01392108214327575,0.01392108214327575
dpkts,ackdat,0.013533997461358707,0.013533997461358707
sjit,is_sm_ips_ports,-0.013288524690488293,0.013288524690488293
is_ftp_login,is_sm_ips_ports,-0.013287284905076295,0.013287284905076295
ct_ftp_cmd,is_sm_ips_ports,-0.013281667346918376,0.013281667346918376
dpkts,ct_ftp_cmd,0.01323055525713438,0.01323055525713438
dpkts,is_ftp_login,0.01320257067582376,0.01320257067582376
sinpkt,is_ftp_login,-0.013005154321129092,0.013005154321129092
sinpkt,ct_ftp_cmd,-0.013002391348386644,0.013002391348386644
dttl,response_body_len,0.012978132612156162,0.012978132612156162
djit,response_body_len,0.012483340965213348,0.012483340965213348
dbytes,sinpkt,-0.012458589800036063,0.012458589800036063
dbytes,is_sm_ips_ports,-0.011842074946612026,0.011842074946612026
dinpkt,is_sm_ips_ports,-0.010879818550323635,0.010879818550323635
sbytes,ct_state_ttl,-0.010485046558200047,0.010485046558200047
synack,dmean,0.010357456492596834,0.010357456492596834
spkts,ct_ftp_cmd,0.010135309267390237,0.010135309267390237
spkts,is_ftp_login,0.01011379770106829,0.01011379770106829
sbytes,dbytes,0.009968599607925895,0.009968599607925895
smean,ct_flw_http_mthd,0.009783059050664102,0.009783059050664102
sloss,sinpkt,-0.009196077677599794,0.009196077677599794
dbytes,is_ftp_login,-0.009144676183559306,0.009144676183559306
dbytes,ct_ftp_cmd,-0.009139171741533324,0.009139171741533324
sloss,is_sm_ips_ports,-0.00896931769833875,0.00896931769833875
sjit,trans_depth,0.008646965710720302,0.008646965710720302
dpkts,tcprtt,0.008643973751526106,0.008643973751526106
dur,sttl,0.008617419245513788,0.008617419245513788
dload,sloss,0.008457493658424102,0.008457493658424102
spkts,trans_depth,0.008288403361707544,0.008288403361707544
dloss,dinpkt,-0.007998156019271592,0.007998156019271592
dloss,ct_ftp_cmd,0.007614997390320657,0.007614997390320657
dloss,is_ftp_login,0.007606758160795143,0.007606758160795143
dbytes,dinpkt,-0.007564011406511196,0.007564011406511196
ackdat,response_body_len,0.007562039640928191,0.007562039640928191
sbytes,dload,-0.007371880901302579,0.007371880901302579
sbytes,dloss,0.006906657251276498,0.006906657251276498
dpkts,dinpkt,-0.006819541397675672,0.006819541397675672
dbytes,synack,-0.006772900789959851,0.006772900789959851
sttl,smean,-0.0064142498937573705,0.0064142498937573705
dloss,ackdat,0.00621460568234678,0.00621460568234678
sbytes,sinpkt,-0.006187289445816679,0.006187289445816679
sbytes,is_sm_ips_ports,-0.005902756201664325,0.005902756201664325
sloss,ct_ftp_cmd,0.005599208516191875,0.005599208516191875
sloss,is_ftp_login,0.0055973594765767725,0.0055973594765767725
tcprtt,response_body_len,0.005228866765071649,0.005228866765071649
sinpkt,response_body_len,-0.0049521419971172344,0.0049521419971172344
response_body_len,is_sm_ips_ports,-0.00477436086958136,0.00477436086958136
spkts,ct_flw_http_mthd,0.004429953198319483,0.004429953198319483
sbytes,dmean,-0.004395515384495834,0.004395515384495834
response_body_len,is_ftp_login,-0.0043809160574860674,0.0043809160574860674
response_body_len,ct_ftp_cmd,-0.004379063907034162,0.004379063907034162
sttl,dinpkt,-0.004191130384417711,0.004191130384417711
sjit,dmean,-0.004028493657426391,0.004028493657426391
sbytes,is_ftp_login,-0.00393134815594465,0.00393134815594465
sbytes,ct_ftp_cmd,-0.003929420076691581,0.003929420076691581
dbytes,sjit,-0.0035408405376373252,0.0035408405376373252
dpkts,synack,0.003409765726660035,0.003409765726660035
dloss,sjit,-0.003378644245883291,0.003378644245883291
dbytes,tcprtt,-0.0033741757163306177,0.0033741757163306177
sbytes,djit,-0.0033582771583638682,0.0033582771583638682
sjit,is_ftp_login,0.0030972478524325152,0.0030972478524325152
sjit,ct_ftp_cmd,0.003068198408810478,0.003068198408810478
dur,trans_depth,0.0030406009976046496,0.0030406009976046496
dloss,synack,-0.002974381376052689,0.002974381376052689
sbytes,ct_flw_http_mthd,-0.0028997997891143826,0.0028997997891143826
dinpkt,response_body_len,-0.002881006980943578,0.002881006980943578
sloss,ct_flw_http_mthd,-0.0028032956713869802,0.0028032956713869802
sloss,trans_depth,0.0027289567450420713,0.0027289567450420713
sbytes,trans_depth,0.0026480258735632227,0.0026480258735632227
synack,response_body_len,0.002593676133200115,0.002593676133200115
dinpkt,trans_depth,0.0025495445603356975,0.0025495445603356975
sloss,djit,0.0023668198115136562,0.0023668198115136562
spkts,dinpkt,-0.0023478394822311643,0.0023478394822311643
sbytes,sjit,-0.0022954584141899716,0.0022954584141899716
sjit,response_body_len,-0.0018228911588261936,0.0018228911588261936
sloss,response_body_len,-0.001810964384127893,0.001810964384127893
sbytes,response_body_len,0.0016305691454052665,0.0016305691454052665
dpkts,sjit,-0.0014106373467916188,0.0014106373467916188
dloss,tcprtt,0.0013374156196459736,0.0013374156196459736
spkts,sjit,-0.0011915776029663304,0.0011915776029663304
dbytes,ackdat,0.0011202549136731849,0.0011202549136731849
sbytes,dinpkt,-0.0005517339001658629,0.0005517339001658629
sloss,dinpkt,0.0002738689318024346,0.0002738689318024346
dinpkt,is_ftp_login,0.00020629276343945308,0.00020629276343945308
sjit,smean,-0.0002030270493872116,0.0002030270493872116
dinpkt,ct_ftp_cmd,0.00018768394457207993,0.00018768394457207993
sloss,sjit,0.00016674496931739396,0.00016674496931739396
dinpkt,smean,2.9176104618080536e-05,2.9176104618080536e-05
