mean_fit_time,std_fit_time,mean_score_time,std_score_time,param_tree__min_samples_split,param_tree__min_samples_leaf,param_tree__max_depth,param_tree__criterion,param_tree__class_weight,params,split0_test_score,split1_test_score,split2_test_score,split3_test_score,split4_test_score,mean_test_score,std_test_score,rank_test_score,split0_train_score,split1_train_score,split2_train_score,split3_train_score,split4_train_score,mean_train_score,std_train_score
89.08875217437745,2.8052207128738917,0.5377602577209473,0.05723134464451086,5,5,,gini,,"{'tree__min_samples_split': 5, 'tree__min_samples_leaf': 5, 'tree__max_depth': None, 'tree__criterion': 'gini', 'tree__class_weight': None}",0.5843254804638647,0.5890682211204672,0.5906098103130681,0.5891557795613642,0.5823032762666386,0.5870925135450806,0.003197659438190642,1,0.6902546547595435,0.6957650050459596,0.6933228572489772,0.6914233979551014,0.6920006992455011,0.6925533228510166,0.0018853691323184975
78.3643226146698,1.6187381510096193,0.5960148334503174,0.06735441366058992,10,10,,entropy,,"{'tree__min_samples_split': 10, 'tree__min_samples_leaf': 10, 'tree__max_depth': None, 'tree__criterion': 'entropy', 'tree__class_weight': None}",0.5774177783419414,0.588028614745824,0.5947978617360073,0.572384558685443,0.5722573755909531,0.5809772378200339,0.008980773304751744,2,0.6508442114758494,0.6523690150881875,0.6529927299980576,0.6559633380245204,0.6512632012200641,0.6526864991613358,0.001808427346788512
124.71015148162842,2.382493690336497,0.5920357227325439,0.058529437626055135,2,1,,gini,,"{'tree__min_samples_split': 2, 'tree__min_samples_leaf': 1, 'tree__max_depth': None, 'tree__criterion': 'gini', 'tree__class_weight': None}",0.5872555384804976,0.5822012965991867,0.5786342769414132,0.576672703435094,0.5798621426031512,0.5809251916118685,0.003637684822292047,3,0.7793968218490485,0.7805803828140409,0.7807729096672449,0.7810938158740532,0.7805140561866695,0.7804715972782115,0.0005738857746349869
111.92755999565125,1.3839382741015738,0.5665438652038575,0.023101611516968934,2,2,40,gini,,"{'tree__min_samples_split': 2, 'tree__min_samples_leaf': 2, 'tree__max_depth': 40, 'tree__criterion': 'gini', 'tree__class_weight': None}",0.5917060578964686,0.5719730115473565,0.5756679379173171,0.5852615353695654,0.57324824959139,0.5795713584644195,0.007649605443129664,4,0.7346905960449872,0.7361365270390008,0.73707330271667,0.7338127376028283,0.7326505977463148,0.7348727522299602,0.0015833086652429702
56.450904321670535,1.6120804072493118,0.5507740497589111,0.03974646933345782,10,1,20,gini,,"{'tree__min_samples_split': 10, 'tree__min_samples_leaf': 1, 'tree__max_depth': 20, 'tree__criterion': 'gini', 'tree__class_weight': None}",0.5904204350148032,0.5721749115724901,0.5761248833113546,0.5796962099728693,0.5784797474358256,0.5793792374614686,0.006087868752526576,5,0.6631656322723148,0.6563616245564916,0.6593123367205368,0.6602696110357775,0.6589107813812517,0.6596039971932746,0.0022003127292608573
84.50667424201966,2.1589378555112044,0.31177382469177245,0.02941224993783976,2,2,,entropy,,"{'tree__min_samples_split': 2, 'tree__min_samples_leaf': 2, 'tree__max_depth': None, 'tree__criterion': 'entropy', 'tree__class_weight': None}",0.5752708665989072,0.584542839367409,0.5800793966717798,0.5738215128155373,0.5792834541318584,0.5785996139170984,0.003791836811855166,6,0.7459156397817649,0.7495836397939969,0.7471716392070759,0.7469802083418642,0.746258298596403,0.747181885144221,0.001285736624570436
68.86671829223633,2.0432006120150015,0.5369229793548584,0.03831185081331681,2,10,30,gini,,"{'tree__min_samples_split': 2, 'tree__min_samples_leaf': 10, 'tree__max_depth': 30, 'tree__criterion': 'gini', 'tree__class_weight': None}",0.5692111869096937,0.5733363848753619,0.5812269449332899,0.5776317321277069,0.5800992290914115,0.5763010955874928,0.004461316356399455,7,0.6418926954018789,0.6485418881269196,0.6491477654474533,0.651732359865495,0.6524940897006437,0.648761759708478,0.0037452941367636904
70.71782841682435,2.156335787442014,0.5258183956146241,0.05650352622420659,20,10,,gini,,"{'tree__min_samples_split': 20, 'tree__min_samples_leaf': 10, 'tree__max_depth': None, 'tree__criterion': 'gini', 'tree__class_weight': None}",0.5703759813365976,0.573564578559206,0.5823500150068873,0.5769985131736077,0.5782106787256781,0.5762999533603954,0.00408210296298963,8,0.6458760827190754,0.6532081979450727,0.6527085145592617,0.6547866220974241,0.6574502455197504,0.6528059325681168,0.003838929549664214
72.88892860412598,2.1160930504545474,0.5609741687774659,0.04725808017866046,10,10,40,gini,,"{'tree__min_samples_split': 10, 'tree__min_samples_leaf': 10, 'tree__max_depth': 40, 'tree__criterion': 'gini', 'tree__class_weight': None}",0.5697886335596121,0.5725949002370249,0.5815268932094821,0.5766296798795357,0.5800809164527572,0.5761242046676823,0.004420306954258186,9,0.6449995938343803,0.6518157408655642,0.6514790374912864,0.6536300175207459,0.6565123322135402,0.6516873443851035,0.0037905242725357574
72.11526799201965,1.6146800607510479,0.5571636199951172,0.04400273009066125,5,10,40,gini,,"{'tree__min_samples_split': 5, 'tree__min_samples_leaf': 10, 'tree__max_depth': 40, 'tree__criterion': 'gini', 'tree__class_weight': None}",0.5697886335596121,0.5725949002370249,0.5815268932094821,0.5766296798795357,0.5800809164527572,0.5761242046676823,0.004420306954258186,9,0.6449995938343803,0.6518157408655642,0.6514790374912864,0.6536300175207459,0.6565123322135402,0.6516873443851035,0.0037905242725357574
57.76126222610473,1.6694893420733534,0.5756874084472656,0.028860204790866976,5,20,30,gini,,"{'tree__min_samples_split': 5, 'tree__min_samples_leaf': 20, 'tree__max_depth': 30, 'tree__criterion': 'gini', 'tree__class_weight': None}",0.5709846851972934,0.579097422933846,0.5763366484114736,0.5818019689363355,0.5708571208774244,0.5758155692712745,0.004354370661609936,11,0.6197597251815757,0.6199186641377539,0.6149658202083114,0.6190764212056221,0.6183687627011817,0.6184178786868889,0.0018113921360865992
108.46459884643555,4.519909964108829,0.5461269378662109,0.038361959022115276,5,1,30,entropy,balanced,"{'tree__min_samples_split': 5, 'tree__min_samples_leaf': 1, 'tree__max_depth': 30, 'tree__criterion': 'entropy', 'tree__class_weight': 'balanced'}",0.577162912385665,0.5802573554701185,0.5822962035476302,0.5650385602984841,0.5655924488608977,0.5740694961125591,0.0073342439920519335,12,0.7283547418858184,0.7225057635521044,0.7207264527339297,0.7173642077544878,0.7189486261550451,0.721579958416277,0.003799466838120069
87.77324151992798,2.421944368257457,0.5375871181488037,0.040349141258150555,10,2,30,gini,balanced,"{'tree__min_samples_split': 10, 'tree__min_samples_leaf': 2, 'tree__max_depth': 30, 'tree__criterion': 'gini', 'tree__class_weight': 'balanced'}",0.5834300638020493,0.5722931599727541,0.589728213493665,0.5481222555873467,0.5656032317409331,0.5718353849193496,0.01453238925117148,13,0.6866604766523408,0.6816394111381014,0.683555382106037,0.671559891104595,0.6813975803047067,0.6809625482611561,0.005064514451261041
45.36352572441101,0.5001656872519379,0.5152091979980469,0.04618773017140356,2,20,20,gini,,"{'tree__min_samples_split': 2, 'tree__min_samples_leaf': 20, 'tree__max_depth': 20, 'tree__criterion': 'gini', 'tree__class_weight': None}",0.5696431210412403,0.5719860291217799,0.5694958288557183,0.578768164477577,0.566497871706976,0.5712782030406582,0.004130434810704344,14,0.6100952451195925,0.6044214418385427,0.598573821453954,0.6049315415071809,0.6028199557807976,0.6041684011400136,0.0037119137684985194
72.87504782676697,0.933488490267049,0.37656526565551757,0.06320915045637152,10,1,30,gini,balanced,"{'tree__min_samples_split': 10, 'tree__min_samples_leaf': 1, 'tree__max_depth': 30, 'tree__criterion': 'gini', 'tree__class_weight': 'balanced'}",0.5773432778589394,0.5697175820943674,0.5889638260217968,0.5501496935306657,0.5563415160180581,0.5685031791047654,0.014021531119113858,15,0.6936202990573969,0.6871587802720253,0.6912540462177195,0.6780655271493807,0.6888928971471858,0.6877983099687417,0.005332388783724668
117.37742290496826,2.204220330773642,0.5741649627685547,0.0573002595310215,5,2,40,entropy,balanced,"{'tree__min_samples_split': 5, 'tree__min_samples_leaf': 2, 'tree__max_depth': 40, 'tree__criterion': 'entropy', 'tree__class_weight': 'balanced'}",0.5613993632975203,0.5686936643338945,0.5700579836674424,0.5652881503782432,0.5740328121383275,0.5678943947630856,0.0042890106131543764,16,0.7201666101747637,0.7114509910337337,0.7143128739896326,0.7141294133705604,0.7159771744683248,0.7152074126074031,0.002872600165950362
72.83782052993774,2.6700854915413017,0.5194496154785156,0.02526392191138471,20,5,30,gini,balanced,"{'tree__min_samples_split': 20, 'tree__min_samples_leaf': 5, 'tree__max_depth': 30, 'tree__criterion': 'gini', 'tree__class_weight': 'balanced'}",0.5787892143404763,0.5662276104692884,0.5784721938225158,0.5454813711096158,0.5583702889588736,0.565468135740154,0.012625241802648065,17,0.6563885115385635,0.6424229460315526,0.6430999078441297,0.6354575511473722,0.6429329955178725,0.6440603824158981,0.006795089168413737
87.93382816314697,3.23276385541486,0.5603117942810059,0.08141909532913756,20,5,40,entropy,balanced,"{'tree__min_samples_split': 20, 'tree__min_samples_leaf': 5, 'tree__max_depth': 40, 'tree__criterion': 'entropy', 'tree__class_weight': 'balanced'}",0.5645101394003836,0.5566451769170145,0.5679802177045461,0.5590402084238093,0.5616543699920405,0.5619660224875588,0.003990287903731555,18,0.6485606949764179,0.6413691893708855,0.6434586032029326,0.6447084727858238,0.6452868241504844,0.6446767568973087,0.0023614429621867873
144.99325890541076,3.4648370683461898,0.5409499645233155,0.05746015398115443,2,1,40,gini,balanced,"{'tree__min_samples_split': 2, 'tree__min_samples_leaf': 1, 'tree__max_depth': 40, 'tree__criterion': 'gini', 'tree__class_weight': 'balanced'}",0.5509894386842615,0.560980498107317,0.5733087886874444,0.5460251839765122,0.5475839548638011,0.5557775728638672,0.01019396540316761,19,0.7404088505644166,0.744881685929699,0.7376567458066655,0.7357434539305111,0.7409654139196886,0.7399312300301961,0.003114977317705537
98.06850061416625,3.358502016113154,0.7107474327087402,0.14003412946014193,10,5,,gini,balanced,"{'tree__min_samples_split': 10, 'tree__min_samples_leaf': 5, 'tree__max_depth': None, 'tree__criterion': 'gini', 'tree__class_weight': 'balanced'}",0.5526718039158997,0.5586365733897857,0.5675236184619148,0.5412503064152713,0.5571430655828318,0.5554450735531405,0.008580705493520363,20,0.6672627377624236,0.6635593512907559,0.6605575941581165,0.6610626540021667,0.6646960198112503,0.6634276714049425,0.0024561934759531993
102.221270942688,1.3594098753232335,0.5752439022064209,0.10359689223470503,5,5,,gini,balanced,"{'tree__min_samples_split': 5, 'tree__min_samples_leaf': 5, 'tree__max_depth': None, 'tree__criterion': 'gini', 'tree__class_weight': 'balanced'}",0.5526718039158997,0.5586365733897857,0.5675236184619148,0.5412503064152713,0.5571430655828318,0.5554450735531405,0.008580705493520363,20,0.6672627377624236,0.6635593512907559,0.6605575941581165,0.6610626540021667,0.6646960198112503,0.6634276714049425,0.0024561934759531993
35.535867881774905,1.2593973063790156,0.5732813358306885,0.0451529802357272,5,5,10,entropy,balanced,"{'tree__min_samples_split': 5, 'tree__min_samples_leaf': 5, 'tree__max_depth': 10, 'tree__criterion': 'entropy', 'tree__class_weight': 'balanced'}",0.5376485782119084,0.5292913353235452,0.5379771872013198,0.546206925457166,0.5423703598969689,0.5386988772181818,0.005656436729990125,22,0.5527581344251133,0.536142877937771,0.5490057717221066,0.5555586109939785,0.5522151900986751,0.5491361170355289,0.006821867511132142
69.7446400642395,1.2130148171524107,0.5395729541778564,0.017526130137862635,2,20,30,entropy,balanced,"{'tree__min_samples_split': 2, 'tree__min_samples_leaf': 20, 'tree__max_depth': 30, 'tree__criterion': 'entropy', 'tree__class_weight': 'balanced'}",0.5404973889708489,0.5309568278958041,0.5366566588649854,0.5321979729065572,0.5360312373340006,0.5352680171944393,0.0034020195456446667,23,0.5880801507949657,0.5819675449637834,0.5828528641872883,0.5819926796323005,0.5878966484567811,0.5845579776070238,0.0028196075528811684
69.2279541015625,2.614534459899209,0.5444183349609375,0.04909602516542394,2,20,40,entropy,balanced,"{'tree__min_samples_split': 2, 'tree__min_samples_leaf': 20, 'tree__max_depth': 40, 'tree__criterion': 'entropy', 'tree__class_weight': 'balanced'}",0.5320728232869831,0.5287237205706596,0.5353697616792689,0.5298004103101028,0.530989234755108,0.5313911901204245,0.002284784354907682,24,0.5832337360355979,0.5816730315560245,0.582118460140168,0.5810829273706903,0.5854738584587575,0.5827164027122477,0.0015482633071947816
61.97222480773926,1.501422358354171,0.5495086193084717,0.048706127791692325,10,20,30,gini,balanced,"{'tree__min_samples_split': 10, 'tree__min_samples_leaf': 20, 'tree__max_depth': 30, 'tree__criterion': 'gini', 'tree__class_weight': 'balanced'}",0.5348670105940794,0.5305713043143394,0.5343626923615925,0.5223793707675118,0.5336373053964765,0.5311635366867999,0.004638580768360178,25,0.586186744187076,0.5799078572291017,0.5817981076512474,0.5777838068552555,0.586150731921134,0.5823654495687629,0.003355107806336097
23.173586893081666,0.8553506318460297,0.5403125762939454,0.07561877297782041,5,2,10,gini,balanced,"{'tree__min_samples_split': 5, 'tree__min_samples_leaf': 2, 'tree__max_depth': 10, 'tree__criterion': 'gini', 'tree__class_weight': 'balanced'}",0.510964825609798,0.5202857153351234,0.521145730197473,0.5081670039936729,0.5151033162005838,0.5151333182673301,0.005071549240245988,26,0.5176212538022373,0.5260215835763126,0.5255694911854969,0.5217552712696263,0.5203206412111069,0.5222576482089559,0.0031823276118099386
23.37195439338684,1.3076118622675867,0.5226708889007569,0.0245637480202481,20,5,10,gini,balanced,"{'tree__min_samples_split': 20, 'tree__min_samples_leaf': 5, 'tree__max_depth': 10, 'tree__criterion': 'gini', 'tree__class_weight': 'balanced'}",0.5105478105981542,0.5195950589142477,0.5209078159913677,0.507843840470461,0.5146900435885184,0.5147169139125498,0.005034776066675968,27,0.516949886205472,0.5251259835619614,0.5248759513789466,0.5211147747873361,0.5198960098805949,0.5215925211628623,0.0030960207359613666
29.853185510635377,1.021486799685936,0.544713830947876,0.029038917818322192,10,2,10,entropy,,"{'tree__min_samples_split': 10, 'tree__min_samples_leaf': 2, 'tree__max_depth': 10, 'tree__criterion': 'entropy', 'tree__class_weight': None}",0.5147145919273115,0.48183266274033354,0.5454255270507679,0.5141530479111637,0.4706317390364229,0.5053515137331999,0.026569380450251874,28,0.5297192168764894,0.48348245719116506,0.5425079519613919,0.525788501815375,0.47267019221670015,0.5108336640122243,0.027524937390847607
28.866840410232545,0.9244482960321478,0.5690235137939453,0.01169719206024603,2,10,10,entropy,,"{'tree__min_samples_split': 2, 'tree__min_samples_leaf': 10, 'tree__max_depth': 10, 'tree__criterion': 'entropy', 'tree__class_weight': None}",0.5145193731419002,0.4795656771943541,0.5470559595725585,0.514019055127067,0.4698845412809334,0.5050089212633627,0.027642957061993385,29,0.5288757685377302,0.4819182672534632,0.5406083719102419,0.5231938928911524,0.47122941021691733,0.509165142161901,0.02740621566957272
27.771979808807373,0.6473459215778246,0.6283398628234863,0.09205561919813907,5,10,10,gini,,"{'tree__min_samples_split': 5, 'tree__min_samples_leaf': 10, 'tree__max_depth': 10, 'tree__criterion': 'gini', 'tree__class_weight': None}",0.4886668677159068,0.4930427005680128,0.47772323583970344,0.49230301398811677,0.46327220313767387,0.4830016042498827,0.011283133340060767,30,0.4927552459273502,0.489175610802715,0.49734228984005185,0.49414032209941317,0.467879063136572,0.4882585063612204,0.01052135287971292
